Workbook

Sheet Employee
A1: Ssn | B1: Nome | C1: Sex | D1: Salary | E1: Cidade | F1: Estado | G1: Departamento | H1: Gerente
A2: 123456789 | B2: John Smith | C2: M | D2: 30000 | E2: Houston | F2: TX | G2: Research | H2: Franklin Wong
A3: 333445555 | B3: Franklin Wong | C3: M | D3: 40000 | E3: Houston | F3: TX | G3: Research | H3: James Borg
A4: 999887777 | B4: Alicia Zelaya | C4: F | D4: 25000 | E4: Spring | F4: TX | G4: Administration | H4: Jennifer Wallace
A5: 987654321 | B5: Jennifer Wallace | C5: F | D5: 43000 | E5: Bellaire | F5: TX | G5: Administration | H5: James Borg
A6: 666884444 | B6: Ramesh Narayan | C6: M | D6: 38000 | E6: Humble | F6: TX | G6: Research | H6: Franklin Wong
A7: 453453453 | B7: Joyce English | C7: F | D7: 25000 | E7: Houston | F7: TX | G7: Research | H7: Franklin Wong
A8: 987987987 | B8: Ahmad Jabbar | C8: M | D8: 25000 | E8: Houston | F8: TX | G8: Administration | H8: Jennifer Wallace
A9: 888665555 | B9: James Borg | C9: M | D9: 55000 | E9: Houston | F9: TX | G9: Headquarters
A10: 111222333 | B10: Maria Souza | C10: F | D10: 35000 | E10: Dallas | F10: TX | G10: Marketing | H10: James Borg

Sheet Departamento_Local
A1: Dnumber | B1: Departamento_Local | C1: Mgr_ssn
A2: 1 | B2: Headquarters - Houston | C2: 888665555
A3: 4 | B3: Administration - Stafford | C3: 987654321
A4: 5 | B4: Research - Bellaire | C4: 333445555
A5: 5 | B5: Research - Houston | C5: 333445555
A6: 5 | B6: Research - Sugarland | C6: 333445555
A7: 6 | B7: Marketing - Dallas | C7: 111222333

Sheet Horas_Projeto
A1: Pnumber | B1: Pname | C1: Essn | D1: Hours | E1: Colaborador
A2: 1 | B2: ProductX | C2: 123456789 | D2: 32.5 | E2: =IFERROR(INDEX(Employee!$B$2:$B$10,MATCH(C2,Employee!$A$2:$A$10,0)),"") -> John Smith
A3: 1 | B3: ProductX | C3: 453453453 | D3: 20 | E3: =IFERROR(INDEX(Employee!$B$2:$B$10,MATCH(C3,Employee!$A$2:$A$10,0)),"") -> Joyce English
A4: 2 | B4: ProductY | C4: 123456789 | D4: 7.5 | E4: =IFERROR(INDEX(Employee!$B$2:$B$10,MATCH(C4,Employee!$A$2:$A$10,0)),"") -> John Smith
A5: 2 | B5: ProductY | C5: 453453453 | D5: 20 | E5: =IFERROR(INDEX(Employee!$B$2:$B$10,MATCH(C5,Employee!$A$2:$A$10,0)),"") -> Joyce English
A6: 2 | B6: ProductY | C6: 333445555 | D6: 10 | E6: =IFERROR(INDEX(Employee!$B$2:$B$10,MATCH(C6,Employee!$A$2:$A$10,0)),"") -> Franklin Wong
A7: 3 | B7: ProductZ | C7: 666884444 | D7: 40 | E7: =IFERROR(INDEX(Employee!$B$2:$B$10,MATCH(C7,Employee!$A$2:$A$10,0)),"") -> Ramesh Narayan
A8: 3 | B8: ProductZ | C8: 333445555 | D8: 10 | E8: =IFERROR(INDEX(Employee!$B$2:$B$10,MATCH(C8,Employee!$A$2:$A$10,0)),"") -> Franklin Wong
A9: 10 | B9: Computerization | C9: 333445555 | D9: 10 | E9: =IFERROR(INDEX(Employee!$B$2:$B$10,MATCH(C9,Employee!$A$2:$A$10,0)),"") -> Franklin Wong
A10: 10 | B10: Computerization | C10: 999887777 | D10: 10 | E10: =IFERROR(INDEX(Employee!$B$2:$B$10,MATCH(C10,Employee!$A$2:$A$10,0)),"") -> Alicia Zelaya
A11: 10 | B11: Computerization | C11: 987987987 | D11: 35 | E11: =IFERROR(INDEX(Employee!$B$2:$B$10,MATCH(C11,Employee!$A$2:$A$10,0)),"") -> Ahmad Jabbar
A12: 20 | B12: Reorganization | C12: 333445555 | D12: 10 | E12: =IFERROR(INDEX(Employee!$B$2:$B$10,MATCH(C12,Employee!$A$2:$A$10,0)),"") -> Franklin Wong
A13: 20 | B13: Reorganization | C13: 987654321 | D13: 15 | E13: =IFERROR(INDEX(Employee!$B$2:$B$10,MATCH(C13,Employee!$A$2:$A$10,0)),"") -> Jennifer Wallace
A14: 20 | B14: Reorganization | C14: 888665555 | E14: =IFERROR(INDEX(Employee!$B$2:$B$10,MATCH(C14,Employee!$A$2:$A$10,0)),"") -> James Borg
A15: 30 | B15: Newbenefits | C15: 999887777 | D15: 30 | E15: =IFERROR(INDEX(Employee!$B$2:$B$10,MATCH(C15,Employee!$A$2:$A$10,0)),"") -> Alicia Zelaya
A16: 30 | B16: Newbenefits | C16: 987987987 | D16: 5 | E16: =IFERROR(INDEX(Employee!$B$2:$B$10,MATCH(C16,Employee!$A$2:$A$10,0)),"") -> Ahmad Jabbar
A17: 30 | B17: Newbenefits | C17: 987654321 | D17: 20 | E17: =IFERROR(INDEX(Employee!$B$2:$B$10,MATCH(C17,Employee!$A$2:$A$10,0)),"") -> Jennifer Wallace
A18: 40 | B18: Campaign | C18: 111222333 | E18: =IFERROR(INDEX(Employee!$B$2:$B$10,MATCH(C18,Employee!$A$2:$A$10,0)),"") -> Maria Souza

Sheet Colaboradores_por_Gerente
A1: Gerente | B1: Qtd_Colaboradores
A2: James Borg | B2: =COUNTIF(Employee!$H$2:$H$10,A2) -> 3
A3: Franklin Wong | B3: =COUNTIF(Employee!$H$2:$H$10,A3) -> 3
A4: Jennifer Wallace | B4: =COUNTIF(Employee!$H$2:$H$10,A4) -> 2

Sheet Resumo
A1: Indicadores gerais
A2: Total de colaboradores | B2: =COUNTA(Employee!$A$2:$A$10) -> 9
A3: Folha salarial | B3: =SUM(Employee!$D$2:$D$10) -> 316000
A4: Salário médio | B4: =AVERAGE(Employee!$D$2:$D$10) -> 35111.111
A5: Total de horas em projetos | B5: =SUM(Horas_Projeto!$D$2:$D$18) -> 275
A8: Por departamento
A9: Departamento | B9: Qtd_Colaboradores | C9: Folha_Salarial | D9: Salario_Medio
A10: Research | B10: =COUNTIF(Employee!$G$2:$G$10,A10) -> 4 | C10: =SUMIF(Employee!$G$2:$G$10,A10,Employee!$D$2:$D$10) -> 133000 | D10: =IFERROR(AVERAGEIF(Employee!$G$2:$G$10,A10,Employee!$D$2:$D$10),0) -> 33250
A11: Administration | B11: =COUNTIF(Employee!$G$2:$G$10,A11) -> 3 | C11: =SUMIF(Employee!$G$2:$G$10,A11,Employee!$D$2:$D$10) -> 93000 | D11: =IFERROR(AVERAGEIF(Employee!$G$2:$G$10,A11,Employee!$D$2:$D$10),0) -> 31000
A12: Headquarters | B12: =COUNTIF(Employee!$G$2:$G$10,A12) -> 1 | C12: =SUMIF(Employee!$G$2:$G$10,A12,Employee!$D$2:$D$10) -> 55000 | D12: =IFERROR(AVERAGEIF(Employee!$G$2:$G$10,A12,Employee!$D$2:$D$10),0) -> 55000
A13: Marketing | B13: =COUNTIF(Employee!$G$2:$G$10,A13) -> 1 | C13: =SUMIF(Employee!$G$2:$G$10,A13,Employee!$D$2:$D$10) -> 35000 | D13: =IFERROR(AVERAGEIF(Employee!$G$2:$G$10,A13,Employee!$D$2:$D$10),0) -> 35000
A16: Horas por projeto
A17: Projeto | B17: Total_Horas | C17: Registros | D17: Registros_Sem_Horas
A18: ProductX | B18: =SUMIF(Horas_Projeto!$B$2:$B$18,A18,Horas_Projeto!$D$2:$D$18) -> 52.5 | C18: =COUNTIF(Horas_Projeto!$B$2:$B$18,A18) -> 2 | D18: =SUMPRODUCT((Horas_Projeto!$B$2:$B$18=A18)*(Horas_Projeto!$D$2:$D$18="")) -> 0
A19: ProductY | B19: =SUMIF(Horas_Projeto!$B$2:$B$18,A19,Horas_Projeto!$D$2:$D$18) -> 37.5 | C19: =COUNTIF(Horas_Projeto!$B$2:$B$18,A19) -> 3 | D19: =SUMPRODUCT((Horas_Projeto!$B$2:$B$18=A19)*(Horas_Projeto!$D$2:$D$18="")) -> 0
A20: ProductZ | B20: =SUMIF(Horas_Projeto!$B$2:$B$18,A20,Horas_Projeto!$D$2:$D$18) -> 50 | C20: =COUNTIF(Horas_Projeto!$B$2:$B$18,A20) -> 2 | D20: =SUMPRODUCT((Horas_Projeto!$B$2:$B$18=A20)*(Horas_Projeto!$D$2:$D$18="")) -> 0
A21: Computerization | B21: =SUMIF(Horas_Projeto!$B$2:$B$18,A21,Horas_Projeto!$D$2:$D$18) -> 55 | C21: =COUNTIF(Horas_Projeto!$B$2:$B$18,A21) -> 3 | D21: =SUMPRODUCT((Horas_Projeto!$B$2:$B$18=A21)*(Horas_Projeto!$D$2:$D$18="")) -> 0
A22: Reorganization | B22: =SUMIF(Horas_Projeto!$B$2:$B$18,A22,Horas_Projeto!$D$2:$D$18) -> 25 | C22: =COUNTIF(Horas_Projeto!$B$2:$B$18,A22) -> 3 | D22: =SUMPRODUCT((Horas_Projeto!$B$2:$B$18=A22)*(Horas_Projeto!$D$2:$D$18="")) -> 1
A23: Newbenefits | B23: =SUMIF(Horas_Projeto!$B$2:$B$18,A23,Horas_Projeto!$D$2:$D$18) -> 55 | C23: =COUNTIF(Horas_Projeto!$B$2:$B$18,A23) -> 3 | D23: =SUMPRODUCT((Horas_Projeto!$B$2:$B$18=A23)*(Horas_Projeto!$D$2:$D$18="")) -> 0
A24: Campaign | B24: =SUMIF(Horas_Projeto!$B$2:$B$18,A24,Horas_Projeto!$D$2:$D$18) -> 0 | C24: =COUNTIF(Horas_Projeto!$B$2:$B$18,A24) -> 1 | D24: =SUMPRODUCT((Horas_Projeto!$B$2:$B$18=A24)*(Horas_Projeto!$D$2:$D$18="")) -> 1

Sheet Leia_me
A1: Sobre esta planilha
A2: Os dados são o resultado das transformações do desafio (banco 'company' do script 01_schema_e_dados.sql), já com as correções do script 02.
A3: Abas Employee, Departamento_Local e Horas_Projeto: dados (equivalem às consultas finais do Power Query). Resumo e Colaboradores_por_Gerente: calculadas com fórmulas.
A5: Premissas
A6: Maria Souza (111222333) foi definida como gerente de Marketing e com supervisor James Borg; a data de início na gerência (01/01/2024) é fictícia, como o desafio permite.
A7: Gerente vazio em James Borg é esperado: ele é o topo da hierarquia.
A8: Horas vazias (Borg em Reorganization e Maria em Campaign) significam 'não informado'. O SUM ignora vazios; Campaign aparece com 0 hora e 1 registro sem horas.
A9: Salary está em número decimal sem símbolo de moeda, pois a moeda não foi definida no desafio.
A10: A coluna Colaborador em Horas_Projeto é uma busca por fórmula na aba Employee, para facilitar gráficos.
